Title,Category,URL
Public calendar for SmartThings developer events,Groups & Events,https://community.smartthings.com/t/public-calendar-for-smartthings-developer-events/10209
“Can’t load your screen” message on a single device,General Discussion,https://community.smartthings.com/t/can-t-load-your-screen-message-on-a-single-device/196830
Ikea Tradfri bulbs brightness issue,Devices & Integrations,https://community.smartthings.com/t/ikea-tradfri-bulbs-brightness-issue/196903
Rule problems,General Discussion,https://community.smartthings.com/t/rule-problems/196581
Shutting something off after power usage exceeded for X minutes,SmartApps & Automations,https://community.smartthings.com/t/shutting-something-off-after-power-usage-exceeded-for-x-minutes/169388
Cooper Aspire Scene Controller RFWC5 and RFWC5D Device Handler [beta release],Community Created Device Types,https://community.smartthings.com/t/cooper-aspire-scene-controller-rfwc5-and-rfwc5d-device-handler-beta-release/87198
"My rooms and devices have gone bonkers (June 3, 2020)",Apps & Clients,https://community.smartthings.com/t/my-rooms-and-devices-have-gone-bonkers-june-3-2020/196100
Mesh WiFi for the UK?,Devices & Integrations,https://community.smartthings.com/t/mesh-wifi-for-the-uk/195977
"My devices, handlers and smartapps are goofed up (internal 500 error)",General Discussion,https://community.smartthings.com/t/my-devices-handlers-and-smartapps-are-goofed-up-internal-500-error/196898
HTZsafe Driveway Alert,Projects & Stories,https://community.smartthings.com/t/htzsafe-driveway-alert/187394
Ring Alarm Keypad (2nd Gen),Devices & Integrations,https://community.smartthings.com/t/ring-alarm-keypad-2nd-gen/193488
[RELEASE] MyQ Lite Door and Lamp Control (for Liftmaster/Chamberlain),Community Created SmartApps,https://community.smartthings.com/t/release-myq-lite-door-and-lamp-control-for-liftmaster-chamberlain/49150
Replacing a bad Z-Wave switch using Replace,Devices & Integrations,https://community.smartthings.com/t/replacing-a-bad-z-wave-switch-using-replace/166426
Hub Firmware Beta 0.31.x,Hub Firmware Beta,https://community.smartthings.com/t/hub-firmware-beta-0-31-x/196001
Just finish my first custom panel,Projects & Stories,https://community.smartthings.com/t/just-finish-my-first-custom-panel/196883
DSC -> EVL-3(4) -> Alarmserver -> Smartthings,Projects & Stories,https://community.smartthings.com/t/dsc-evl-3-4-alarmserver-smartthings/36604
[RELEASE] ST_Anything - Arduino/ESP8266/ESP32,Projects & Stories,https://community.smartthings.com/t/release-st-anything-arduino-esp8266-esp32/77707
"Expandable Zigbee Repeater Solution (With Temperature, Humidity, Pressure and Light sensors)",Projects & Stories,https://community.smartthings.com/t/expandable-zigbee-repeater-solution-with-temperature-humidity-pressure-and-light-sensors/123815
Node-Red and Smartthings,SmartApps & Automations,https://community.smartthings.com/t/node-red-and-smartthings/27063
How to update a virtual device using the arduino library,Devices & Integrations,https://community.smartthings.com/t/how-to-update-a-virtual-device-using-the-arduino-library/166697
Electric Fireplace Control,Devices & Integrations,https://community.smartthings.com/t/electric-fireplace-control/108521
Sonos Voice Notification Issues (Sound doesn't resume when using TV),Devices & Integrations,https://community.smartthings.com/t/sonos-voice-notification-issues-sound-doesnt-resume-when-using-tv/196798
Phin Pool / Spa Monitor,Devices & Integrations,https://community.smartthings.com/t/phin-pool-spa-monitor/196888
[RELEASE] Trend Setter,Community Created SmartApps,https://community.smartthings.com/t/release-trend-setter/31286
"Samsung Washer, Smartthings Hub V3 and Alexa",Connected Things,https://community.smartthings.com/t/samsung-washer-smartthings-hub-v3-and-alexa/196845
Some Time-Based Restrictions Suddenly Being Ignored (After Working Fine For Years),General Discussion,https://community.smartthings.com/t/some-time-based-restrictions-suddenly-being-ignored-after-working-fine-for-years/196526
'Fibaro Z-Wave FGK-101 Temperature & Door/Window Sensor' Full Support Handler,Community Created Device Types,https://community.smartthings.com/t/fibaro-z-wave-fgk-101-temperature-door-window-sensor-full-support-handler/5483
Rheem EcoNet,Community Created Device Types,https://community.smartthings.com/t/rheem-econet/18791
Wyze motion sensor (sense) - integration,Devices & Integrations,https://community.smartthings.com/t/wyze-motion-sensor-sense-integration/183012
"Amazon 10 day Summer Sale starts June 22, 2020",Deals,https://community.smartthings.com/t/amazon-10-day-summer-sale-starts-june-22-2020/196880
Public calendar for SmartThings developer events,Groups & Events,https://community.smartthings.com/t/public-calendar-for-smartthings-developer-events/10209
“Can’t load your screen” message on a single device,General Discussion,https://community.smartthings.com/t/can-t-load-your-screen-message-on-a-single-device/196830
Ikea Tradfri bulbs brightness issue,Devices & Integrations,https://community.smartthings.com/t/ikea-tradfri-bulbs-brightness-issue/196903
Rule problems,General Discussion,https://community.smartthings.com/t/rule-problems/196581
Shutting something off after power usage exceeded for X minutes,SmartApps & Automations,https://community.smartthings.com/t/shutting-something-off-after-power-usage-exceeded-for-x-minutes/169388
Cooper Aspire Scene Controller RFWC5 and RFWC5D Device Handler [beta release],Community Created Device Types,https://community.smartthings.com/t/cooper-aspire-scene-controller-rfwc5-and-rfwc5d-device-handler-beta-release/87198
"My rooms and devices have gone bonkers (June 3, 2020)",Apps & Clients,https://community.smartthings.com/t/my-rooms-and-devices-have-gone-bonkers-june-3-2020/196100
Mesh WiFi for the UK?,Devices & Integrations,https://community.smartthings.com/t/mesh-wifi-for-the-uk/195977
"My devices, handlers and smartapps are goofed up (internal 500 error)",General Discussion,https://community.smartthings.com/t/my-devices-handlers-and-smartapps-are-goofed-up-internal-500-error/196898
HTZsafe Driveway Alert,Projects & Stories,https://community.smartthings.com/t/htzsafe-driveway-alert/187394
Ring Alarm Keypad (2nd Gen),Devices & Integrations,https://community.smartthings.com/t/ring-alarm-keypad-2nd-gen/193488
[RELEASE] MyQ Lite Door and Lamp Control (for Liftmaster/Chamberlain),Community Created SmartApps,https://community.smartthings.com/t/release-myq-lite-door-and-lamp-control-for-liftmaster-chamberlain/49150
Replacing a bad Z-Wave switch using Replace,Devices & Integrations,https://community.smartthings.com/t/replacing-a-bad-z-wave-switch-using-replace/166426
Hub Firmware Beta 0.31.x,Hub Firmware Beta,https://community.smartthings.com/t/hub-firmware-beta-0-31-x/196001
Just finish my first custom panel,Projects & Stories,https://community.smartthings.com/t/just-finish-my-first-custom-panel/196883
DSC -> EVL-3(4) -> Alarmserver -> Smartthings,Projects & Stories,https://community.smartthings.com/t/dsc-evl-3-4-alarmserver-smartthings/36604
[RELEASE] ST_Anything - Arduino/ESP8266/ESP32,Projects & Stories,https://community.smartthings.com/t/release-st-anything-arduino-esp8266-esp32/77707
"Expandable Zigbee Repeater Solution (With Temperature, Humidity, Pressure and Light sensors)",Projects & Stories,https://community.smartthings.com/t/expandable-zigbee-repeater-solution-with-temperature-humidity-pressure-and-light-sensors/123815
Node-Red and Smartthings,SmartApps & Automations,https://community.smartthings.com/t/node-red-and-smartthings/27063
How to update a virtual device using the arduino library,Devices & Integrations,https://community.smartthings.com/t/how-to-update-a-virtual-device-using-the-arduino-library/166697
Electric Fireplace Control,Devices & Integrations,https://community.smartthings.com/t/electric-fireplace-control/108521
Sonos Voice Notification Issues (Sound doesn't resume when using TV),Devices & Integrations,https://community.smartthings.com/t/sonos-voice-notification-issues-sound-doesnt-resume-when-using-tv/196798
Phin Pool / Spa Monitor,Devices & Integrations,https://community.smartthings.com/t/phin-pool-spa-monitor/196888
[RELEASE] Trend Setter,Community Created SmartApps,https://community.smartthings.com/t/release-trend-setter/31286
"Samsung Washer, Smartthings Hub V3 and Alexa",Connected Things,https://community.smartthings.com/t/samsung-washer-smartthings-hub-v3-and-alexa/196845
Some Time-Based Restrictions Suddenly Being Ignored (After Working Fine For Years),General Discussion,https://community.smartthings.com/t/some-time-based-restrictions-suddenly-being-ignored-after-working-fine-for-years/196526
'Fibaro Z-Wave FGK-101 Temperature & Door/Window Sensor' Full Support Handler,Community Created Device Types,https://community.smartthings.com/t/fibaro-z-wave-fgk-101-temperature-door-window-sensor-full-support-handler/5483
Rheem EcoNet,Community Created Device Types,https://community.smartthings.com/t/rheem-econet/18791
Wyze motion sensor (sense) - integration,Devices & Integrations,https://community.smartthings.com/t/wyze-motion-sensor-sense-integration/183012
"Amazon 10 day Summer Sale starts June 22, 2020",Deals,https://community.smartthings.com/t/amazon-10-day-summer-sale-starts-june-22-2020/196880
